siret,siren,nom,adresse,code_postal,ville,naf,tva_intra,email,telephone
65201405100708,652014051,CARREFOUR,"6 AVENUE RAYMOND POINCARE, 75016 PARIS",75016,PARIS,,FR 14 652014051,christelleperrier@berger.fr,+33 (0)1 82 09 12 94
40422352100018,404223521,CARREFOUR,"None QUARTIER PEROU, 97230 SAINTE-MARIE",97230,SAINTE-MARIE,,FR 49 404223521,margaux79@hoareau.net,0385897011
50393256800010,503932568,CARREFOUR,"1 AVENUE DES ECOLES, 06110 LE CANNET",06110,LE CANNET,,FR 45 503932568,kgerard@guillot.fr,0253755919
65201405100716,652014051,CARREFOUR,"26 QUAI CHARLES PASQUA, 92300 LEVALLOIS-PERRET",92300,LEVALLOIS-PERRET,,FR 14 652014051,caronalexandrie@aubert.com,04 77 30 81 14
65201405100732,652014051,CARREFOUR,"93 AVENUE DE PARIS, 91300 MASSY",91300,MASSY,,FR 14 652014051,scarpentier@alexandre.net,01 76 26 45 48
65201405100377,652014051,CARREFOUR,"39 AVENUE D'IENA, 75016 PARIS",75016,PARIS,,FR 14 652014051,cohenalfred@perrier.fr,+33 4 20 90 75 73
65201405100559,652014051,CARREFOUR,"5 AVENUE DU GENERAL DE GAULLE, 91090 LISSES",91090,LISSES,,FR 14 652014051,caubert@delannoy.org,0188768417
65201405100690,652014051,CARREFOUR,"6 PLACE DE LA REPUBLIQUE DOMINICAINE, 75017 PARIS",75017,PARIS,,FR 14 652014051,vdias@clement.com,+33 (0)1 42 06 96 81
65201405100724,652014051,CARREFOUR,"33 AVENUE EMILE ZOLA, 92100 BOULOGNE-BILLANCOURT",92100,BOULOGNE-BILLANCOURT,,FR 14 652014051,huetmanon@goncalves.com,+33 (0)3 44 09 67 70
51076150500013,510761505,CARREFOUR,"15 AVENUE DES ECOLES, 06110 LE CANNET",06110,LE CANNET,,FR 68 510761505,isabelle36@alves.com,+33 (0)3 73 48 70 35
34497020700017,344970207,LECLERC,"59 AVENUE ARISTIDE BRIAND, 93190 LIVRY-GARGAN",93190,LIVRY-GARGAN,,FR 76 344970207,virginie36@bourgeois.fr,03 81 28 54 85
49108691400018,491086914,LECLERC,"18 AVENUE SAINTE BARBE, 95230 SOISY-SOUS-MONTMORENCY",95230,SOISY-SOUS-MONTMORENCY,,FR 19 491086914,valentinaurore@baudry.com,04 22 09 51 39
50381423800013,503814238,LECLERC,"70 AVENUE DU GENERAL LECLERC, 95250 BEAUCHAMP",95250,BEAUCHAMP,,FR 75 503814238,sbourgeois@marchand.fr,02 97 42 06 04
48094170700014,480941707,LECLERC,"None None LES JARDINS D’EOLE, 13890 MOURIES",13890,MOURIES,,FR 88 480941707,wpaul@pruvost.net,+33 (0)4 22 46 65 88
80283094300014,802830943,LECLERC,"26 RUE DU MARECHAL LECLERC, 59128 FLERS-EN-ESCREBIEUX",59128,FLERS-EN-ESCREBIEUX,,FR 10 802830943,arthurchevallier@remy.fr,0240206708
52915013800012,529150138,LECLERC,"140 RUE EDOUARD VAILLANT, 95870 BEZONS",95870,BEZONS,,FR 30 529150138,morelmarcelle@torres.org,+33 1 76 64 41 25
64572102800175,645721028,LECLERC,"10 AVENUE ROCHAMBEAU, 38100 GRENOBLE",38100,GRENOBLE,,FR 55 645721028,corinne92@normand.net,+33 (0)3 70 68 14 57
87909378900011,879093789,LECLERC,"52 RUE PRADAL, 31400 TOULOUSE",31400,TOULOUSE,,FR 80 879093789,luce57@lelievre.org,+33 4 66 58 08 32
51284156000018,512841560,LECLERC,"58 AVENUE DES TERNES, 75017 PARIS",75017,PARIS,,FR 29 512841560,turpinhonore@hoareau.fr,0632641955
79926605100025,799266051,LECLERC,"4 AVENUE DU GENERAL LECLERC, 75014 PARIS",75014,PARIS,,FR 69 799266051,gosselinmichelle@alves.org,+33 2 48 36 70 64
37954800100344,379548001,AUCHAN CARBURANT,"None AV GUTENBERG, 78310 MAUREPAS",78310,MAUREPAS,,FR 09 379548001,julie17@becker.com,+33 (0)2 90 51 63 44
37954800100609,379548001,AUCHAN CARBURANT,"None AVENUE DE VERDUN, 45160 OLIVET",45160,OLIVET,,FR 09 379548001,mlemaitre@foucher.com,+33 (0)1 76 85 15 21
37954800100963,379548001,AUCHAN CARBURANT,"None RUE DE L’ANISSERIE, 16100 CHATEAUBERNARD",16100,CHATEAUBERNARD,,FR 09 379548001,maggiejoseph@weber.fr,0156200522
37954800101060,379548001,AUCHAN CARBURANT,"11 AVENUE ROLAND MORENO, 77124 CHAUCONIN-NEUFMONTIERS",77124,CHAUCONIN-NEUFMONTIERS,,FR 09 379548001,nicolaslegrand@ollivier.org,0582209078
37954800100070,379548001,AUCHAN CARBURANT,"None None CENTRE COMMERCIAL LE GRAND CAP, 76600 LE HAVRE",76600,LE HAVRE,,FR 09 379548001,traoreauguste@gomez.net,0450040777
37954800100419,379548001,AUCHAN CARBURANT,"None CHEMIN DE MONTRAVEL, 42390 VILLARS",42390,VILLARS,,FR 09 379548001,dpoulain@jourdan.net,+33 (0)7 51 14 18 78
37954800100955,379548001,AUCHAN CARBURANT,"None RUE DU DOCTEUR DHENIN, 62400 BETHUNE",62400,BETHUNE,,FR 09 379548001,operon@guillet.com,02 21 32 67 27
41040901500139,410409015,AUCHAN SUPERMARCHE,"90 RUE JEAN JAURES, 93130 NOISY-LE-SEC",93130,NOISY-LE-SEC,,FR 43 410409015,nicolelaporte@baron.com,01 44 33 64 00
41040901500311,410409015,AUCHAN SUPERMARCHE,"21 CLOS DU VERGER, 78480 VERNEUIL-SUR-SEINE",78480,VERNEUIL-SUR-SEINE,,FR 43 410409015,cohencapucine@martel.com,0156632705
41040901500436,410409015,AUCHAN SUPERMARCHE,"158 BOULEVARD CHARLES DE GAULLE, 92700 COLOMBES",92700,COLOMBES,,FR 43 410409015,gauthiernoel@monnier.fr,02 55 95 04 75
34777023200010,347770232,MAJELIQUE INTERMARCHE,"None None ROUILLON, 91160 BALLAINVILLIERS",91160,BALLAINVILLIERS,,FR 48 347770232,lucasbernier@brun.fr,+33 1 34 97 96 05
32795755100010,327957551,JIKAF INTERMARCHE,"None AV DE FOURCHESVIEILLES, 84100 ORANGE",84100,ORANGE,,FR 16 327957551,honoreledoux@chauvet.com,+33 5 64 97 06 17
30750859800017,307508598,CHATODIS INTERMARCHE,"None BD ERNEST GENEVET, 13160 CHATEAURENARD",13160,CHATEAURENARD,,FR 31 307508598,susanarnaud@thomas.fr,+33 6 30 16 81 90
34149998600014,341499986,LA CAPELLE INTERMARCHE,"None AVENUE ALPHONSE DAUDET, 30200 BAGNOLS-SUR-CEZE",30200,BAGNOLS-SUR-CEZE,,FR 35 341499986,massonetienne@leclercq.com,05 40 66 28 09
30646051000028,306460510,INTERMARCHE SERVICE SAS,"24 RUE PAUL VAILLANT COUTURIER, 93360 NEUILLY-PLAISANCE",93360,NEUILLY-PLAISANCE,,FR 22 306460510,guerinpatrick@fernandes.com,+33 1 75 58 45 38
80778865800019,807788658,INTERMARCHE CASINO ACHATS,"3 RUE DU COLONEL MOLL, 75017 PARIS",75017,PARIS,,FR 48 807788658,xauger@dupont.fr,01 72 46 19 63
80778865800027,807788658,INTERMARCHE CASINO ACHATS,"25 RUE D'ARCUEIL, 94150 RUNGIS",94150,RUNGIS,,FR 48 807788658,pwagner@becker.fr,0373459677
81509169900018,815091699,COMITE BASE INTERMARCHE,"None None LES PETITS VERNATS, 03000 AVERMES",03000,AVERMES,,FR 72 815091699,rle-goff@ledoux.com,+33 (0)3 87 40 00 21
68820256300013,688202563,SA PLAISANCE DISTRIBUTION INTERMARCHE,"24 RUE PAUL VAILLANT COUTURIER, 93360 NEUILLY-PLAISANCE",93360,NEUILLY-PLAISANCE,,FR 46 688202563,thomas15@perrot.fr,02 41 86 00 83
37900353600016,379003536,COMITE ENTREPRISE BASE INTERMARCHE,"None None BOIS ROGER, 79110 ALLOINAY",79110,ALLOINAY,,FR 94 379003536,wde-sousa@lacombe.fr,0327223671
34326262200990,343262622,LIDL,"20 RUE ANATOLE FRANCE, 59810 LESQUIN",59810,LESQUIN,,FR 85 343262622,nathalieribeiro@schneider.fr,01 49 87 96 86
34326262200925,343262622,LIDL,"30 BOULEVARD DE L'EUROPE, 57070 METZ",57070,METZ,,FR 85 343262622,guillonluc@lecoq.fr,03 59 23 02 07
34326262201139,343262622,LIDL,"None BOULEVARD JULES GUESDE, 10000 TROYES",10000,TROYES,,FR 85 343262622,joseph68@pages.net,02 28 49 93 52
34326262201527,343262622,LIDL,"99 RUE DE METZ, 57525 TALANGE",57525,TALANGE,,FR 85 343262622,tanguyagathe@adam.fr,04 78 25 14 74
34326262201683,343262622,LIDL,"2 ROUTE DE BITCHE, 67500 HAGUENAU",67500,HAGUENAU,,FR 85 343262622,couturierjacques@guillou.com,0486503012
34326262201733,343262622,LIDL,"66 RUE NATIONALE, 57350 STIRING-WENDEL",57350,STIRING-WENDEL,,FR 85 343262622,emmanuel22@aubert.net,+33 3 26 38 54 12
34326262203101,343262622,LIDL,"None RUE DE LA MARTINIERE, 73230 SAINT-ALBAN-LEYSSE",73230,SAINT-ALBAN-LEYSSE,,FR 85 343262622,gabrielle74@benard.fr,0478277496
34326262203168,343262622,LIDL,"2 RUE JEAN JAURES, 22400 LAMBALLE-ARMOR",22400,LAMBALLE-ARMOR,,FR 85 343262622,gaillarddavid@carpentier.com,+33 (0)4 93 95 64 79
34326262203283,343262622,LIDL,"None AVENUE DE METZ, 54700 PONT-A-MOUSSON",54700,PONT-A-MOUSSON,,FR 85 343262622,gpereira@mace.net,+33 (0)4 77 88 44 49
34326262202376,343262622,LIDL,"2 RUE CHAPTAL, 22000 SAINT-BRIEUC",22000,SAINT-BRIEUC,,FR 85 343262622,lefortmarine@legros.fr,04 57 01 01 24
38012986608504,380129866,ORANGE,"None RUE D'HAUBOURDIN, 59155 FACHES-THUMESNIL",59155,FACHES-THUMESNIL,,FR 89 380129866,wvoisin@couturier.fr,0422352351
38012986600139,380129866,ORANGE,"286 RES DU FARON, 83130 LA GARDE",83130,LA GARDE,,FR 89 380129866,jeancharles@paris.fr,02 21 49 82 03
38012986600279,380129866,ORANGE,"156 AVENUE PIERRE ZILLER, 06700 SAINT-LAURENT-DU-VAR",06700,SAINT-LAURENT-DU-VAR,,FR 89 380129866,patriciacordier@barbe.com,+33 7 42 91 66 41
38012986600550,380129866,ORANGE,"None RTE NATIONALE 207, 04170 SAINT-ANDRE-LES-ALPES",04170,SAINT-ANDRE-LES-ALPES,,FR 89 380129866,xmillet@michaud.fr,+33 (0)7 45 78 13 57
38012986600600,380129866,ORANGE,"262 BOULEVARD VOLTAIRE, 13821 LA PENNE-SUR-HUVEAUNE",13821,LA PENNE-SUR-HUVEAUNE,,FR 89 380129866,ebousquet@moulin.fr,01 60 40 46 41
38012986600667,380129866,ORANGE,"4 RUE BISCARRA, 06000 NICE",06000,NICE,,FR 89 380129866,juliette80@nguyen.fr,04 84 33 32 00
38012986600907,380129866,ORANGE,"79 RUE SAINT PIERRE, 13005 MARSEILLE",13005,MARSEILLE,,FR 89 380129866,mercierjeanne@mendes.com,+33 (0)2 23 29 57 03
38012986601160,380129866,ORANGE,"17 BOULEVARD JEAN DUPLESSIS, 13014 MARSEILLE",13014,MARSEILLE,,FR 89 380129866,fleroy@clement.net,+33 (0)2 47 38 55 76
38012986601327,380129866,ORANGE,"21 RUE COLBERT, 13001 MARSEILLE",13001,MARSEILLE,,FR 89 380129866,joseph70@charpentier.net,0143463007
38012986601368,380129866,ORANGE,"47 RUE GOUNOD, 06000 NICE",06000,NICE,,FR 89 380129866,vincentsanchez@muller.com,+33 (0)3 83 02 18 15
57201524600182,572015246,BOUYGUES,"43 RUE DE SALONIQUE, 95100 ARGENTEUIL",95100,ARGENTEUIL,,FR 29 572015246,dbodin@renault.fr,0533038388
57201524600190,572015246,BOUYGUES,"16 AVENUE JEAN MOULIN, 77176 SAVIGNY-LE-TEMPLE",77176,SAVIGNY-LE-TEMPLE,,FR 29 572015246,ericrenault@brunel.fr,0223095304
57201524600026,572015246,BOUYGUES,"None AV LAVOISIER, 91380 CHILLY MAZARIN",91380,CHILLY MAZARIN,,FR 29 572015246,detienne@lelievre.com,+33 (0)1 39 47 81 09
57201524600141,572015246,BOUYGUES,"1 AVENUE EUGENE FREYSSINET, 78280 GUYANCOURT",78280,GUYANCOURT,,FR 29 572015246,alice05@mallet.com,0261740541
91129932900019,911299329,BOUYGUES,"8 AVENUE FOCH, 75016 PARIS",75016,PARIS,,FR 44 911299329,anais58@lefort.com,+33 (0)3 29 58 08 49
57201524600158,572015246,BOUYGUES,"None None None, 08600 CHOOZ",08600,CHOOZ,,FR 29 572015246,aubertmathilde@remy.com,+33 (0)3 86 89 78 29
57201524600208,572015246,BOUYGUES,"None None ZONE INDUST DE COURTINE, 84000 AVIGNON",84000,AVIGNON,,FR 29 572015246,laurent34@allain.com,+33 3 53 20 50 05
57201524600166,572015246,BOUYGUES,"90 AVENUE DES CHAMPS ELYSEES, 75008 PARIS",75008,PARIS,,FR 29 572015246,alice97@ferreira.org,0554845581
57201524600174,572015246,BOUYGUES,"36 RUE DES OSIERS, 78310 COIGNIERES",78310,COIGNIERES,,FR 29 572015246,constance72@perrier.com,+33 1 60 94 86 43
57201524600216,572015246,BOUYGUES,"32 AVENUE HOCHE, 75008 PARIS",75008,PARIS,,FR 29 572015246,bouchetsimone@besson.com,+33 (0)8 00 64 90 29
85167518100016,851675181,SFR,"16 RUE DES PRES, 68700 CERNAY",68700,CERNAY,,FR 62 851675181,margaux74@benoit.com,+33 (0)3 88 19 08 65
35364288700056,353642887,SFR,"3 RUE DE PALESTRO, 75002 PARIS",75002,PARIS,,FR 00 353642887,patricia29@martinez.fr,+33 4 87 92 63 31
75311156600018,753111566,SFR,"42 DOM DOMAINE DE TUSCANY, 97118 SAINT-FRANCOIS",97118,SAINT-FRANCOIS,,FR 40 753111566,wmace@duhamel.net,01 75 41 75 13
35364288700031,353642887,SFR,"19 CHEMIN DES CLOS, 91620 LA VILLE-DU-BOIS",91620,LA VILLE-DU-BOIS,,FR 00 353642887,barthelemymargot@carpentier.fr,+33 4 84 47 15 32
81306503400015,813065034,SFR,"28 RUE DES SOURCES, 77500 CHELLES",77500,CHELLES,,FR 37 813065034,msamson@weber.com,+33 3 10 73 71 85
35364288700015,353642887,SFR,"40 BOULEVARD DE BONNE NOUVELLE, 75010 PARIS",75010,PARIS,,FR 00 353642887,gbousquet@pons.fr,+33 (0)1 47 27 96 20
35364288700023,353642887,SFR,"18 CHEMIN DES BERGES, 91620 LA VILLE-DU-BOIS",91620,LA VILLE-DU-BOIS,,FR 00 353642887,lecomtemarthe@masson.org,03 27 30 95 18
35364288700049,353642887,SFR,"12 RUE DES MAOURELLES, 33590 GRAYAN-ET-L'HOPITAL",33590,GRAYAN-ET-L'HOPITAL,,FR 00 353642887,audreyschmitt@nicolas.com,+33 6 81 26 13 45
34410645500027,344106455,SFR-CONSEIL,"None ROUTE DES LUCIOLES, 06410 BIOT",06410,BIOT,,FR 78 344106455,levylucy@teixeira.fr,+33 (0)2 96 66 65 64
41035886500260,410358865,SFR DISTRIBUTION,"3 RUE DE LA FABRIQUE, 45500 GIEN",45500,GIEN,,FR 40 410358865,ybernard@martel.net,0252593891
54375011100014,543750111,TOTAL,"None LD LE VERIGNAS, 83490 LE MUY",83490,LE MUY,,FR 84 543750111,laure52@raynaud.org,+33 5 17 99 56 66
65542008100011,655420081,TOTAL,"None RTE DE MARSEILLE, 83170 BRIGNOLES",83170,BRIGNOLES,,FR 27 655420081,louis05@le.com,04 15 88 33 74
06020040900013,060200409,TOTAL,"None RUE HENRI FOURNIER, 49000 ANGERS",49000,ANGERS,,FR 43 060200409,ndupuy@breton.net,+33 (0)3 57 17 74 25
66558014800013,665580148,TOTAL,"None PL DE LA RESISTANCE, 49400 SAUMUR",49400,SAUMUR,,FR 15 665580148,nath33@deschamps.org,+33 (0)3 90 01 11 49
30031506600013,300315066,TOTAL,"97 AV EMILE ZOLA, 79100 THOUARS",79100,THOUARS,,FR 92 300315066,jacqueline30@rodrigues.com,0261402233
54950066800013,549500668,TOTAL,"None None None, 83000 TOULON",83000,TOULON,,FR 14 549500668,caroline48@chauvet.fr,0473957177
90476536900015,904765369,TOTAL,"14 AVENUE PIERRE GRENIER, 92100 BOULOGNE-BILLANCOURT",92100,BOULOGNE-BILLANCOURT,,FR 21 904765369,zoegosselin@leblanc.net,+33 (0)1 72 57 60 38
73558028400017,735580284,TOTAL,"None None None, 13370 MALLEMORT",13370,MALLEMORT,,FR 79 735580284,cecile93@marty.com,+33 3 58 94 71 18
92353803700014,923538037,TOTAL RECAP'/TOTAL RECUP',"43 None 43, GRAND RUE, 34150 GIGNAC",34150,GIGNAC,,FR 19 923538037,susannenicolas@thomas.com,+33 2 54 43 37 28
32634704400025,326347044,TOTAL CONSEIL,"24 COURS MICHELET, 92800 PUTEAUX",92800,PUTEAUX,,FR 65 326347044,rtessier@gosselin.org,0170710062
54210765106521,542107651,ENGIE,"127 BOULEVARD DE LA BATAILLE DE STALINGRAD, 69100 VILLEURBANNE",69100,VILLEURBANNE,,FR 13 542107651,rogersophie@roger.net,+33 4 74 10 80 75
54210765106539,542107651,ENGIE,"11 RUE FRANCIS CARCO, 47000 AGEN",47000,AGEN,,FR 13 542107651,marechalclemence@sanchez.com,0492931112
54210765106679,542107651,ENGIE,"15 RUE DE LA MONTAGNE, 68100 MULHOUSE",68100,MULHOUSE,,FR 13 542107651,nathaliemaillet@guerin.com,+33 2 53 53 41 50
54210765106935,542107651,ENGIE,"63 RUE POULLIC AL LOR, 29200 BREST",29200,BREST,,FR 13 542107651,pruvostcelina@pichon.fr,03 57 46 03 00
54210765107016,542107651,ENGIE,"17 RUE DU PONT DE LATTES, 34070 MONTPELLIER",34070,MONTPELLIER,,FR 13 542107651,perrierodette@gosselin.com,+33 (0)3 71 17 67 81
54210765101738,542107651,ENGIE,"3 RUE DU PALAIS RIHOUR, 59800 LILLE",59800,LILLE,,FR 13 542107651,maryselamy@duval.org,+33 (0)6 73 60 28 90
54210765101928,542107651,ENGIE,"9 AVENUE ARISTIDE BRIAND, 89100 PARON",89100,PARON,,FR 13 542107651,augustin29@toussaint.com,+33 5 08 09 55 84
54210765107388,542107651,ENGIE,"473 AVENUE DE L'EUROPE, 71200 LE CREUSOT",71200,LE CREUSOT,,FR 13 542107651,susannefaure@morel.net,+33 5 59 60 90 45
54210765107453,542107651,ENGIE,"None AVENUE MATHIAS DUVAL, 06130 GRASSE",06130,GRASSE,,FR 13 542107651,eleonorebernard@diallo.com,0508898657
54210765102272,542107651,ENGIE,"None RUE AMPERE, 67450 MUNDOLSHEIM",67450,MUNDOLSHEIM,,FR 13 542107651,spotier@perret.com,04 22 70 07 57
44942228600012,449422286,EDF,"None None 8790 WAREGEM, None None",,,,FR 44 449422286,vincent78@roche.com,+33 7 46 52 40 12
38041512500018,380415125,EDF HOLDING,"12 PLACE DES ETATS-UNIS, 75016 PARIS",75016,PARIS,,FR 35 380415125,laurentolivier@pires.com,+33 5 90 28 65 30
41850093000031,418500930,ORCHESTRE EDF,"22 AVENUE DE WAGRAM, 75008 PARIS",75008,PARIS,,FR 83 418500930,larochegabrielle@jourdan.com,0375643813
41208334700028,412083347,EDF ASSURANCES,"None PLACE DE LA PYRAMIDE, 92800 PUTEAUX",92800,PUTEAUX,,FR 88 412083347,susan73@poulain.com,0596564823
38041512500026,380415125,EDF HOLDING,"23 AVENUE DE MESSINE, 75008 PARIS",75008,PARIS,,FR 35 380415125,noel00@remy.fr,+33 5 16 12 20 36
41208334700010,412083347,EDF ASSURANCES,"12 PLACE DES ETATS-UNIS, 75016 PARIS",75016,PARIS,,FR 88 412083347,pagesjean@mendes.net,+33 (0)4 79 01 42 28
49006880600044,490068806,EDF IMMO,"4 RUE FLOREAL, 75017 PARIS",75017,PARIS,,FR 31 490068806,edouardpierre@durand.net,+33 (0)7 72 97 70 28
95218689800013,952186898,EDF INVEST,"27 RUE LOUIS ARAGON, 76700 GONFREVILLE-L'ORCHER",76700,GONFREVILLE-L'ORCHER,,FR 43 952186898,blegrand@roger.com,0673193522
49006880600010,490068806,EDF IMMO,"1 PLACE PLEYEL, 93200 SAINT-DENIS",93200,SAINT-DENIS,,FR 31 490068806,emilie58@girard.com,+33 5 33 98 90 70
49006880600036,490068806,EDF IMMO,"20 PLACE DE LA DEFENSE, 92800 PUTEAUX",92800,PUTEAUX,,FR 31 490068806,bertrandmorvan@marques.org,02 58 97 20 63
80833267000229,808332670,SNCF,"110 CHE DES ATELIERS, 60230 CHAMBLY",60230,CHAMBLY,,FR 59 808332670,rogermuller@samson.com,06 09 42 38 02
80833267000302,808332670,SNCF,"2 RUE BOGAERT, 60180 NOGENT-SUR-OISE",60180,NOGENT-SUR-OISE,,FR 59 808332670,xhamon@wagner.org,03 61 40 47 78
80833267000476,808332670,SNCF,"None RUE PAUL ASQUIN, 62680 MERICOURT",62680,MERICOURT,,FR 59 808332670,bousquetdiane@pineau.fr,+33 (0)1 41 72 12 20
80833267000765,808332670,SNCF,"1 RUE DE LA CERISAIE, 37700 SAINT-PIERRE-DES-CORPS",37700,SAINT-PIERRE-DES-CORPS,,FR 59 808332670,hortense19@dijoux.net,+33 7 33 05 58 70
80833267000880,808332670,SNCF,"None AV DE LA GARE, 45200 MONTARGIS",45200,MONTARGIS,,FR 59 808332670,francoisereynaud@ribeiro.com,04 20 00 10 94
80833267000914,808332670,SNCF,"3 RUE EDOUARD VAILLANT, 37000 TOURS",37000,TOURS,,FR 59 808332670,jacquesnicolas@carre.fr,+33 1 76 87 39 70
80833267001003,808332670,SNCF,"12 RUE PAUTRIER, 13004 MARSEILLE 4",13004,MARSEILLE 4,,FR 59 808332670,thierrypoirier@martin.fr,0413838023
80833267001110,808332670,SNCF,"None RUE DU PRESIDENT DASSIER, 13140 MIRAMAS",13140,MIRAMAS,,FR 59 808332670,sgilles@lacroix.com,+33 (0)3 21 17 14 07
80833267001185,808332670,SNCF,"123 RUE WALDECK ROUSSEAU, 83530 SAINT-RAPHAEL",83530,SAINT-RAPHAEL,,FR 59 808332670,nathalierodrigues@nguyen.org,+33 (0)2 55 44 66 32
80833267001300,808332670,SNCF,"None AV PIERRE SEMARD, 19200 USSEL",19200,USSEL,,FR 59 808332670,jklein@chevalier.fr,0533587777
98047286400019,980472864,RENAULT,"1 None FERME DE QUESNOY, 80150 GAPENNES",80150,GAPENNES,,FR 13 980472864,zacharieaubert@mallet.com,+33 (0)2 29 82 09 02
44163946500075,441639465,RENAULT,"860 QUAI STALINGRAD, 92100 BOULOGNE BILLANCOURT",92100,BOULOGNE BILLANCOURT,,FR 63 441639465,eleonorethierry@delaunay.org,+33 (0)6 95 45 94 22
44163946500042,441639465,RENAULT,"3 RUE NATIONALE, 92100 BOULOGNE-BILLANCOURT",92100,BOULOGNE-BILLANCOURT,,FR 63 441639465,fredericpineau@de.com,+33 7 44 54 38 72
48535943400019,485359434,RENAULT,"None None None, 02860 CHAMOUILLE",02860,CHAMOUILLE,,FR 62 485359434,valentine34@mahe.com,+33 2 53 00 03 45
80313392500013,803133925,RENAULT,"42 RUE GAMBETTA, 52100 SAINT-DIZIER",52100,SAINT-DIZIER,,FR 66 803133925,imarin@garcia.fr,0630872220
98277091900016,982770919,RENAULT,"4 RUE DU BAS DE LA VILLE, 76450 VITTEFLEUR",76450,VITTEFLEUR,,FR 00 982770919,lorraine38@bernard.fr,04 22 84 05 20
42338775200011,423387752,RENAULT,"46 AVENUE MICHEL CABIEU, 14150 OUISTREHAM",14150,OUISTREHAM,,FR 66 423387752,henriette52@garcia.com,01 46 78 50 16
44163946500018,441639465,RENAULT,"13 QUAI ALPHONSE LE GALLO, 92100 BOULOGNE-BILLANCOURT",92100,BOULOGNE-BILLANCOURT,,FR 63 441639465,blemaire@boulay.com,01 64 12 67 61
90413568800011,904135688,RENAULT,"42 RUE GAMBETTA, 52100 SAINT-DIZIER",52100,SAINT-DIZIER,,FR 53 904135688,ulevy@cousin.fr,+33 (0)4 32 09 56 76
10072337800012,100723378,RENAULT,"300 BOULEVARD GENERAL BROSSET, 83200 TOULON",83200,TOULON,,FR 14 100723378,gbigot@weiss.com,0380891802
38071604300019,380716043,PEUGEOT MARIGNANE,"None ROUTE DE LA CIOTAT, 13400 AUBAGNE",13400,AUBAGNE,,FR 10 380716043,bruneaucapucine@lebon.fr,0385012397
87555066700062,875550667,PEUGEOT MOTOCYCLES,"122 AVENUE CHARLES DE GAULLE, 92200 NEUILLY-SUR-SEINE",92200,NEUILLY-SUR-SEINE,,FR 71 875550667,zoedufour@da.fr,+33 (0)1 56 04 60 77
52881807300017,528818073,PEUGEOT 1810,"75 AVENUE DE LA GRANDE ARMEE, 75016 PARIS",75016,PARIS,,FR 25 528818073,guilletluce@pruvost.fr,+33 (0)4 34 69 86 87
55214450300372,552144503,AUTOMOBILES PEUGEOT,"None RUE DES LOGES, 35135 CHANTEPIE",35135,CHANTEPIE,,FR 23 552144503,gilbert08@leroux.net,0219187845
55214450300661,552144503,AUTOMOBILES PEUGEOT,"37 ROUTE DE MANTES, 78240 CHAMBOURCY",78240,CHAMBOURCY,,FR 23 552144503,ehoarau@pruvost.com,0637334492
55214450300950,552144503,AUTOMOBILES PEUGEOT,"1 AVENUE DE L'INDUSTRIE, 31150 BRUGUIERES",31150,BRUGUIERES,,FR 23 552144503,suzannerenard@daniel.com,+33 5 67 84 61 39
55214450301164,552144503,AUTOMOBILES PEUGEOT,"None RUE SANTOS DUMONT, 44860 SAINT-AIGNAN-GRANDLIEU",44860,SAINT-AIGNAN-GRANDLIEU,,FR 23 552144503,lmallet@bazin.fr,03 45 36 85 46
55214450301222,552144503,AUTOMOBILES PEUGEOT,"None None ZONE INDUSTRIELLE D'ENNERY, 57300 TREMERY",57300,TREMERY,,FR 23 552144503,charleschevallier@clement.com,+33 (0)5 32 14 32 78
67618016900101,676180169,PEUGEOT SAVEURS,"2 RTE DES FORGES, 39350 DAMPIERRE",39350,DAMPIERRE,,FR 83 676180169,francoisgregoire@allard.fr,+33 (0)6 33 05 98 88
43397648700101,433976487,PEUGEOT AZUR,"132 BD PASTEUR, 06000 NICE",06000,NICE,,FR 32 433976487,charlesnathalie@guichard.net,+33 3 65 60 44 59
44300777800030,443007778,MICHELIN,"1 RUE VERGNETTE DE LAMOTTE, 21200 BEAUNE",21200,BEAUNE,,FR 59 443007778,sauvagethierry@jacques.net,01 44 31 69 51
92137429400012,921374294,MICHELIN,"15 ALLEE DES ALOUETTES, 56340 CARNAC",56340,CARNAC,,FR 30 921374294,noemi24@nguyen.com,+33 2 28 92 52 34
42462288400015,424622884,MICHELIN,"None None LE CLOS GUERIN, 74540 GRUFFY",74540,GRUFFY,,FR 62 424622884,rolandlabbe@marchand.com,+33 (0)7 86 66 68 04
44300777800014,443007778,MICHELIN,"None None LE CHAMP DE MANOEUVRES, 70200 LURE",70200,LURE,,FR 59 443007778,didiernathalie@de.com,0483104393
44300777800022,443007778,MICHELIN,"None CHE DE LA TENUE, 70270 SAINT-BARTHELEMY",70270,SAINT-BARTHELEMY,,FR 59 443007778,smaurice@camus.fr,+33 5 87 90 84 31
84223203500019,842232035,MICHELIN,"967 CHE DE LA CASSINE, 73200 ALBERTVILLE",73200,ALBERTVILLE,,FR 56 842232035,tsalmon@gaillard.fr,0555821945
48996280300016,489962803,SCEA MICHELIN,"None None LE CALLE, 31450 FOURQUEVAUX",31450,FOURQUEVAUX,,FR 85 489962803,camillefaivre@duhamel.net,+33 (0)5 33 84 14 13
48028576600014,480285766,MICHELIN EUROPE,"None None TRENT STAFFORDSHIRE ST4 4E, None None",,,,FR 07 480285766,arthur85@jourdan.fr,+33 7 83 87 15 72
35383798200068,353837982,MICHELIN CONSEIL,"233 RUE DE VAUGIRARD, 75015 PARIS",75015,PARIS,,FR 84 353837982,georges63@etienne.fr,03 10 03 62 05
35383798200019,353837982,MICHELIN CONSEIL,"7 RUE SAINT-VINCENT, 06300 NICE",06300,NICE,,FR 84 353837982,ddescamps@hoareau.fr,+33 2 62 64 10 17
55203253400679,552032534,DANONE,"17 RUE DES DEUX GARES, 92500 RUEIL MALMAISON",92500,RUEIL MALMAISON,,FR 27 552032534,theresegay@boulay.com,+33 (0)4 57 12 62 03
55203253400638,552032534,DANONE,"9 RUE DE TEHERAN, 75008 PARIS",75008,PARIS,,FR 27 552032534,mariebriand@potier.com,04 76 37 37 92
55203253400687,552032534,DANONE,"81 RUE SANS SOUCI, 69760 LIMONEST",69760,LIMONEST,,FR 27 552032534,qbouvet@leduc.org,02 46 44 07 36
55203253400414,552032534,DANONE,"7 RUE DE TEHERAN, 75008 PARIS",75008,PARIS,,FR 27 552032534,vmartinez@lopes.com,+33 5 32 06 12 87
55203253400588,552032534,DANONE,"126 RUE JULES GUESDE, 92300 LEVALLOIS-PERRET",92300,LEVALLOIS-PERRET,,FR 27 552032534,payetalexandrie@lacombe.net,0669111577
55203253400604,552032534,DANONE,"150 BOULEVARD HAUSSMANN, 75008 PARIS",75008,PARIS,,FR 27 552032534,ilemaire@dupont.org,+33 4 69 80 42 45
55203253400562,552032534,DANONE,"10 RUE EDOUARD VAILLANT, 91200 ATHIS-MONS",91200,ATHIS-MONS,,FR 27 552032534,kdias@prevost.com,0228870502
55203253400620,552032534,DANONE,"152 BOULEVARD HAUSSMANN, 75008 PARIS",75008,PARIS,,FR 27 552032534,claireperrier@torres.fr,+33 1 58 52 23 10
55203253400547,552032534,DANONE,"None None CTRE DE SEMINAIRE, 69700 BEAUVALLON",69700,BEAUVALLON,,FR 27 552032534,clemenceguilbert@guibert.com,+33 6 53 82 57 59
55203253400570,552032534,DANONE,"8 RUE DE L'HOTEL DE VILLE, 92200 NEUILLY-SUR-SEINE",92200,NEUILLY-SUR-SEINE,,FR 27 552032534,alice01@delattre.com,+33 (0)2 18 98 76 25
38949795900012,389497959,NESTLE,"None None CH 1800 VEVEY, None None",,,,FR 73 389497959,jeanjacob@etienne.com,0564411757
31670031900015,316700319,NESTLE,"17 QUAI DU PRESIDENT PAUL DOUMER, 92400 COURBEVOIE",92400,COURBEVOIE,,FR 34 316700319,rodriguezanastasie@chauveau.com,03 23 66 32 01
54201442800388,542014428,NESTLE FRANCE,"None RUE ABBE ROLLAND, 14830 LANGRUNE-SUR-MER",14830,LANGRUNE-SUR-MER,,FR 92 542014428,audreymaillet@lombard.com,+33 5 82 56 84 72
54201442800487,542014428,NESTLE FRANCE,"None None LE GRAND MARAIS, 62140 MARCONNELLE",62140,MARCONNELLE,,FR 92 542014428,gregoiremichel@colas.net,+33 (0)4 75 39 57 59
54201442800560,542014428,NESTLE FRANCE,"2 RUE DUGUAY TROUIN, 44800 SAINT-HERBLAIN",44800,SAINT-HERBLAIN,,FR 92 542014428,lucasjuliette@maillot.fr,0444754353
54201442800586,542014428,NESTLE FRANCE,"11 RUE DE ROMELET, 21600 LONGVIC",21600,LONGVIC,,FR 92 542014428,suzannedubois@tanguy.net,0367981410
54201442800149,542014428,NESTLE FRANCE,"None AVENUE JEAN JAURES, 08400 CHALLERANGE",08400,CHALLERANGE,,FR 92 542014428,andremorel@legros.net,02 55 72 34 01
54201442800222,542014428,NESTLE FRANCE,"None None None, 71370 OUROUX-SUR-SAONE",71370,OUROUX-SUR-SAONE,,FR 92 542014428,alexandrieparis@collet.com,+33 (0)4 11 89 70 78
54201442800255,542014428,NESTLE FRANCE,"2 RUE DU CHEMIN BLANC, 91160 CHAMPLAN",91160,CHAMPLAN,,FR 92 542014428,cperrot@hebert.com,06 15 95 89 99
54201442800289,542014428,NESTLE FRANCE,"43 CHEMIN VICINAL VICINAL DE LA MILLIERE A ST MENET, 13011 MARSEILLE",13011,MARSEILLE,,FR 92 542014428,nathdeschamps@antoine.fr,+33 (0)6 33 05 62 33
91400263900013,914002639,LOREAL,"4 PLACE JACQUES CHARTIER, 18130 DUN-SUR-AURON",18130,DUN-SUR-AURON,,FR 95 914002639,renaudsylvie@legendre.com,01 34 53 58 59
49008479500023,490084795,LOREAL AVOCATS,"88 AVENUE KLEBER, 75016 PARIS",75016,PARIS,,FR 80 490084795,blanchetanastasie@payet.fr,+33 4 23 38 24 42
49008479500015,490084795,LOREAL AVOCATS,"52 AVENUE DES CHAMPS ELYSEES, 75008 PARIS",75008,PARIS,,FR 80 490084795,odumont@gauthier.com,06 33 06 67 96
85061252400015,850612524,LOREAL AMENAGEMENTS,"7 AV ALEXANDRE BRAUD, 44540 VALLONS-DE-L'ERDRE",44540,VALLONS-DE-L'ERDRE,,FR 93 850612524,lucasda-silva@hamel.fr,+33 (0)2 22 40 40 22
88043130900017,880431309,MAISON LOREAL,"4 CHEMIN DE BELLE ROCHE, 44240 LA CHAPELLE-SUR-ERDRE",44240,LA CHAPELLE-SUR-ERDRE,,FR 41 880431309,georges78@texier.com,01 34 62 76 28
49008479500031,490084795,LOREAL AVOCATS,"20 AVENUE FRANKLIN D. ROOSEVELT, 75008 PARIS",75008,PARIS,,FR 80 490084795,chevaliermanon@germain.net,0323486288
49008479500049,490084795,LOREAL AVOCATS,"45 RUE SAINT-FERDINAND, 75017 PARIS",75017,PARIS,,FR 80 490084795,pcolas@fournier.com,+33 (0)6 35 18 27 19
82256308600013,822563086,SCI LAC-LOREAL,"6 RUE DU CLAIN, 86530 NAINTRE",86530,NAINTRE,,FR 55 822563086,bonninmanon@lemaire.fr,01 44 82 51 92
53852505600015,538525056,SCI MERAND-LOREAL,"66 AVENUE ALPHONSE LEGAULT, 35170 BRUZ",35170,BRUZ,,FR 22 538525056,leleuauguste@dupuy.com,+33 2 72 82 85 59
48408443900013,484084439,ASS INTERENT SERV MEDI TRAVAIL LOREAL,"99 AV DE LA PYRAMIDE, 93290 TREMBLAY-EN-FRANCE",93290,TREMBLAY-EN-FRANCE,,FR 78 484084439,francois68@jacquot.com,0257135417
91978102100010,919781021,LVMH,"2 CHE DU VIEUX MOULIN, 07300 TOURNON SUR RHONE",07300,TOURNON SUR RHONE,,FR 80 919781021,marchandzoe@legendre.com,+33 (0)6 60 31 06 91
90883650500010,908836505,LVMH,"9 RUE EDOUARD BRANLY, 95310 SAINT-OUEN-L'AUMONE",95310,SAINT-OUEN-L'AUMONE,,FR 62 908836505,legrandolivier@lefort.fr,0564065661
90883650500036,908836505,LVMH,"35 RUE DES SABLONS, 95310 SAINT-OUEN-L'AUMONE",95310,SAINT-OUEN-L'AUMONE,,FR 62 908836505,edouardguillet@colin.com,+33 2 46 78 55 81
38009788100037,380097881,LVMH MISCELLANEES,"65 AVENUE EDOUARD VAILLANT, 92100 BOULOGNE-BILLANCOURT",92100,BOULOGNE-BILLANCOURT,,FR 67 380097881,leon47@meyer.fr,+33 (0)2 51 59 90 98
38009788100045,380097881,LVMH MISCELLANEES,"24 RUE JEAN GOUJON, 75008 PARIS",75008,PARIS,,FR 67 380097881,michelle72@maillot.com,0360068180
95324762400018,953247624,SCI LVMH,"160 BOULEVARD DU MONTPARNASSE, 75014 PARIS",75014,PARIS,,FR 39 953247624,bourgeoisodette@remy.fr,+33 2 19 74 62 38
32267092800041,322670928,LVMH RECHERCHE,"185 AVENUE DE VERDUN, 45800 SAINT-JEAN-DE-BRAYE",45800,SAINT-JEAN-DE-BRAYE,,FR 35 322670928,luc64@mace.com,0385413716
80763128800014,807631288,SCI LVMH,"8 BOULEVARD VICTOR HUGO, 06000 NICE",06000,NICE,,FR 37 807631288,utessier@verdier.com,01 64 41 47 41
88438611100014,884386111,SCI LVMH,"52 RUE BRIERE, 14120 MONDEVILLE",14120,MONDEVILLE,,FR 86 884386111,duboisrenee@renault.fr,+33 (0)4 44 83 69 19
88438611100022,884386111,SCI LVMH,"130 BOULEVARD RAYMOND POINCARE, 14000 CAEN",14000,CAEN,,FR 86 884386111,josephine81@bouvier.org,+33 4 65 41 14 91
33070384400044,330703844,CAPGEMINI,"190 RUE GARIBALDI, 69003 LYON",69003,LYON,,FR 06 330703844,dnoel@duhamel.org,+33 (0)4 44 70 83 30
33070384400051,330703844,CAPGEMINI,"3 RUE MALAKOFF, 38000 GRENOBLE",38000,GRENOBLE,,FR 06 330703844,camillebenard@leblanc.net,+33 (0)3 73 23 72 67
33070384400036,330703844,CAPGEMINI,"11 RUE DE TILSITT, 75017 PARIS",75017,PARIS,,FR 06 330703844,guichardhonore@maillot.fr,+33 (0)5 24 51 27 68
33070384400028,330703844,CAPGEMINI,"6 BOULEVARD JEAN PAIN, 38000 GRENOBLE",38000,GRENOBLE,,FR 06 330703844,mlenoir@deschamps.com,+33 5 31 51 50 88
32878178600202,328781786,CAPGEMINI FRANCE,"40 AVENUE DE HAMBOURG, 13008 MARSEILLE",13008,MARSEILLE,,FR 94 328781786,bernadette02@durand.org,04 83 09 82 06
32878178601143,328781786,CAPGEMINI FRANCE,"145 QUAI DU PRESIDENT ROOSEVELT, 92130 ISSY-LES-MOULINEAUX",92130,ISSY-LES-MOULINEAUX,,FR 94 328781786,denismarechal@paul.com,+33 2 14 71 35 81
32878178600434,328781786,CAPGEMINI FRANCE,"18 RUE DU 35EME REGIMENT D'AVIATION, 69500 BRON",69500,BRON,,FR 94 328781786,sophie53@neveu.com,+33 (0)2 56 16 29 16
32878178600996,328781786,CAPGEMINI FRANCE,"110 ESPLANADE DU GENERAL DE GAULLE, 92400 COURBEVOIE",92400,COURBEVOIE,,FR 94 328781786,guyperrier@rolland.net,+33 3 87 98 28 62
35351676800028,353516768,CAPGEMINI UNIVERSITE,"None None CHATEAU DE BEHOUST, 78910 BEHOUST",78910,BEHOUST,,FR 40 353516768,carpentieremile@renaud.org,+33 (0)5 33 52 05 88
47976695800124,479766958,CAPGEMINI OUEST,"19 ALL JAMES WATT, 33700 MERIGNAC",33700,MERIGNAC,,FR 45 479766958,hbouvier@couturier.net,0390019440
84912165200036,849121652,SOPRA,"7 RUE MARIE CURIE, 78310 MAUREPAS",78310,MAUREPAS,,FR 50 849121652,gilberthardy@joly.net,0491392376
41020507400025,410205074,SOPRA,"9 RUE DU MUGUET ANSE COLAS, 97233 SCHOELCHER",97233,SCHOELCHER,,FR 96 410205074,odette79@david.fr,0230670977
33240121500014,332401215,SOPRA,"None RUE DE LA MOTTE, 35770 VERN-SUR-SEICHE",35770,VERN-SUR-SEICHE,,FR 07 332401215,guymoreno@mary.fr,0246492640
31446710100031,314467101,SOPRA,"137 RUE ACHARD, 33300 BORDEAUX",33300,BORDEAUX,,FR 73 314467101,richardalexandre@duhamel.fr,0587908766
82017832500016,820178325,SOPRA,"19 RUE CLER, 75007 PARIS",75007,PARIS,,FR 07 820178325,thibaultmarty@thibault.fr,05 47 37 08 29
84912165200028,849121652,SOPRA,"8 RUE JEAN-BAPTISTE HUET, 78350 JOUY-EN-JOSAS",78350,JOUY-EN-JOSAS,,FR 50 849121652,edouardgarcia@richard.org,0158356698
54206813500038,542068135,SOPRA,"7 ALL DU POIRIER MARLE, 91420 MORANGIS",91420,MORANGIS,,FR 96 542068135,speltier@munoz.org,0383942794
43843192600015,438431926,SOPRA,"9 RUE HENRI MOINE, 03310 NERIS-LES-BAINS",03310,NERIS-LES-BAINS,,FR 40 438431926,william29@moreno.com,0366161374
49321787100018,493217871,SOPRA,"1799 AVENUE D'ITALIE, 82000 MONTAUBAN",82000,MONTAUBAN,,FR 08 493217871,nicolascharrier@lacroix.com,+33 1 44 59 53 36
77563814100017,775638141,SOPRA,"None None None, 64170 LACQ",64170,LACQ,,FR 59 775638141,auguste29@philippe.com,+33 4 75 15 36 10
53768555400025,537685554,ATOS,"13 None ZONE ARTISANALE LAGARRIGUE, 31380 GARIDECH",31380,GARIDECH,,FR 24 537685554,lemaitresimone@toussaint.com,0134296183
95280970500017,952809705,ATOS,"60 RUE FRANCOIS IER, 75008 PARIS",75008,PARIS,,FR 50 952809705,larochefrancois@dubois.org,+33 2 54 35 55 69
48498248300048,484982483,ATOS,"15 CHEMIN DU SAQUIN, 69130 ECULLY",69130,ECULLY,,FR 35 484982483,agathe44@gilbert.fr,04 90 30 27 05
48397413500012,483974135,ATOS,"45 RUE DE LA TOUR, 83310 GRIMAUD",83310,GRIMAUD,,FR 33 483974135,jules78@vallee.fr,0466295986
81437063100016,814370631,ATOS,"5 AV GEORGES BATAILLE, 60330 LE PLESSIS-BELLEVILLE",60330,LE PLESSIS-BELLEVILLE,,FR 65 814370631,hschmitt@aubry.fr,03 70 96 19 36
48402435100013,484024351,ATOS,"10 ROUTE DE METTRAY, 37390 LA MEMBROLLE-SUR-CHOISILLE",37390,LA MEMBROLLE-SUR-CHOISILLE,,FR 40 484024351,robertrobert@toussaint.com,04 86 66 04 10
53527400500029,535274005,ATOS,"191 AV CHARLES DE GAULLE, 69160 TASSIN-LA-DEMI-LUNE",69160,TASSIN-LA-DEMI-LUNE,,FR 25 535274005,lucas46@hubert.net,+33 (0)1 34 21 07 75
52269366200028,522693662,ATOS,"61 RUE DU FAUBOURG POISSONNIERE, 75009 PARIS",75009,PARIS,,FR 47 522693662,gillespons@bonnin.com,+33 (0)2 61 21 50 22
35082778800042,350827788,ATOS,"None ROUTE DE COURTONNE, 14100 GLOS",14100,GLOS,,FR 08 350827788,benoit89@pinto.com,02 97 14 10 19
35082778800026,350827788,ATOS,"48 AVENUE DES FRERES LUMIERE, 78190 TRAPPES",78190,TRAPPES,,FR 08 350827788,jerome31@ramos.fr,+33 (0)1 78 61 02 42
55205902400885,552059024,THALES,"None AVENUE DU GENERAL EISENHOWER, 31100 TOULOUSE",31100,TOULOUSE,,FR 54 552059024,pottieremmanuelle@faure.com,0808230815
55205902401669,552059024,THALES,"533 AVENUE DU GENERAL DE GAULLE, 92140 CLAMART",92140,CLAMART,,FR 54 552059024,rpons@weiss.fr,+33 (0)6 81 57 57 67
55205902401693,552059024,THALES,"None ZI DE PARIACABO, 97310 KOUROU",97310,KOUROU,,FR 54 552059024,collinchantal@guilbert.com,+33 1 70 59 93 07
55205902401776,552059024,THALES,"2 AVE DES BOUSQUETS, 83390 CUERS",83390,CUERS,,FR 54 552059024,seguinlorraine@leleu.com,05 34 13 50 87
93065187200028,930651872,THALES,"144 AVENUE CHARLES DE GAULLE, 92200 NEUILLY-SUR-SEINE",92200,NEUILLY-SUR-SEINE,,FR 69 930651872,ymunoz@delannoy.org,02 97 07 45 70
55205902401214,552059024,THALES,"53 RUE JEAN BROUTIN, 78700 CONFLANS-SAINTE-HONORINE",78700,CONFLANS-SAINTE-HONORINE,,FR 54 552059024,helenelanglois@rodriguez.fr,0357061998
55205902401636,552059024,THALES,"51 ESPLANADE DU GENERAL DE GAULLE, 92800 PUTEAUX",92800,PUTEAUX,,FR 54 552059024,alix28@laroche.com,+33 2 32 08 17 23
55205902401834,552059024,THALES,"36 CHEMIN DE LIFFARD, 31100 TOULOUSE",31100,TOULOUSE,,FR 54 552059024,francoismaillot@guillot.com,04 63 60 95 38
79107789400016,791077894,THALES,"60 RUE ALBERT COSSONNET, 45600 SULLY-SUR-LOIRE",45600,SULLY-SUR-LOIRE,,FR 72 791077894,eribeiro@arnaud.com,+33 4 37 78 51 30
82204104200026,822041042,THALES,"2 RUE DE BEAUREGARD, 27430 SAINT-ETIENNE-DU-VAUVRAY",27430,SAINT-ETIENNE-DU-VAUVRAY,,FR 85 822041042,vasseurgabriel@coste.org,0466787901
38347481400068,383474814,AIRBUS,"5 RUE GABRIEL CLERC, 31700 BLAGNAC",31700,BLAGNAC,,FR 89 383474814,simonerenard@lacroix.org,0590257976
38347481400076,383474814,AIRBUS,"None RUE GABRIEL CLERC, 31700 BLAGNAC",31700,BLAGNAC,,FR 89 383474814,bernadettechevalier@bernard.org,+33 (0)3 68 69 79 23
38347481400100,383474814,AIRBUS,"2 ROND-POINT DEWOITINE, 31700 BLAGNAC",31700,BLAGNAC,,FR 89 383474814,penelopedidier@le.net,+33 1 34 80 86 21
38347481400118,383474814,AIRBUS,"12 RUE PASTEUR, 92150 SURESNES",92150,SURESNES,,FR 89 383474814,augustinlemonnier@jacquet.com,01 46 83 30 68
30260960700072,302609607,AIRBUS,"31 RUE DE CONSTANTINE, 75007 PARIS 7",75007,PARIS 7,,FR 13 302609607,le-rouxadelaide@blanc.fr,+33 2 72 09 67 74
38347481400035,383474814,AIRBUS,"37 BOULEVARD DE MONTMORENCY, 75016 PARIS",75016,PARIS,,FR 89 383474814,arnaudwilliam@mahe.fr,+33 (0)1 55 72 57 34
38347481400050,383474814,AIRBUS,"31 RUE DE CONSTANTINE, 75007 PARIS",75007,PARIS,,FR 89 383474814,elisabeth03@vasseur.net,01 55 48 26 20
38347481400027,383474814,AIRBUS,"173 BOULEVARD HAUSSMANN, 75008 PARIS",75008,PARIS,,FR 89 383474814,potierphilippe@brunet.net,0362562017
38347481400084,383474814,AIRBUS,"None ROUTE DE BAYONNE, 31300 TOULOUSE",31300,TOULOUSE,,FR 89 383474814,gilbertvoisin@huet.org,+33 4 91 91 36 42
30324288700014,303242887,AIRBUS,"None RUE CHEVALIER DE LA BARRE, 33130 BEGLES",33130,BEGLES,,FR 11 303242887,mendesnathalie@leger.net,0140620578
79105978500018,791059785,DASSAULT,"88 AVENUE MOZART, 75016 PARIS",75016,PARIS,,FR 65 791059785,luceevrard@leveque.com,03 81 17 12 69
43521695700017,435216957,DASSAULT,"127 RUE LOUIS BLERIOT, 34430 SAINT-JEAN-DE-VEDAS",34430,SAINT-JEAN-DE-VEDAS,,FR 37 435216957,alexandre15@labbe.org,0324466784
79105978500026,791059785,DASSAULT,"68 RUE MARCEL DASSAULT, 92100 BOULOGNE-BILLANCOURT",92100,BOULOGNE-BILLANCOURT,,FR 65 791059785,lebretonantoine@lebrun.com,04 75 96 85 21
90013327300012,900133273,DASSAULT,"7 ALLEE LAVOISIER, 94510 LA QUEUE-EN-BRIE",94510,LA QUEUE-EN-BRIE,,FR 50 900133273,duprelucas@boucher.fr,+33 2 19 45 11 28
32230644000239,322306440,DASSAULT SYSTEMES,"37 CHEMIN DES RAMASSIERS, 31770 COLOMIERS",31770,COLOMIERS,,FR 52 322306440,cmartin@traore.com,02 61 69 54 60
32230644000254,322306440,DASSAULT SYSTEMES,"84 ALLEE GALILEE, 38330 MONTBONNOT-SAINT-MARTIN",38330,MONTBONNOT-SAINT-MARTIN,,FR 52 322306440,simone90@georges.org,+33 (0)4 86 83 98 40
32230644000403,322306440,DASSAULT SYSTEMES,"304 RTE NATIONALE 6, 69760 LIMONEST",69760,LIMONEST,,FR 52 322306440,benoit63@grenier.fr,+33 (0)2 50 37 86 32
49004887300023,490048873,SCI DASSAULT,"72 CHEMIN DE LA GIRAUDIERE, 85000 LA ROCHE-SUR-YON",85000,LA ROCHE-SUR-YON,,FR 81 490048873,mpages@lefevre.net,03 58 94 43 02
43802309500088,438023095,SECLIN DASSAULT,"16 RUE DES CAPUCINES, 75002 PARIS",75002,PARIS,,FR 15 438023095,etienne08@morin.com,+33 (0)1 73 03 22 49
66205318000250,662053180,DASSAULT MEDIAS,"41 QUAI FULCHIRON, 69005 LYON",69005,LYON,,FR 65 662053180,bernardgay@leroy.org,02 55 91 88 35
55203780600585,552037806,VINCI,"1 COURS FERDINAND DE LESSEPS, 92500 RUEIL-MALMAISON",92500,RUEIL-MALMAISON,,FR 32 552037806,vmallet@brunet.fr,0218470048
89324107500025,893241075,VINCI,"185 AVENUE GABRIEL PERI, 91700 SAINTE-GENEVIEVE-DES-BOIS",91700,SAINTE-GENEVIEVE-DES-BOIS,,FR 73 893241075,antoine94@leger.fr,+33 (0)6 95 95 55 27
30335697600041,303356976,VINCI,"8 RUE HEYRAULT, 92100 BOULOGNE-BILLANCOURT",92100,BOULOGNE-BILLANCOURT,,FR 62 303356976,kvincent@gauthier.com,+33 1 73 13 47 38
43835968900017,438359689,VINCI,"None AV J R G GAUTIER DE LA LAUZIERE, 13080 AIX-EN-PROVENCE",13080,AIX-EN-PROVENCE,,FR 27 438359689,marcellevalette@jacob.fr,07 78 55 92 86
43835968900025,438359689,VINCI,"None ROUTE DEPARTEMENTALE 6, 13710 FUVEAU",13710,FUVEAU,,FR 27 438359689,lebonmichelle@marchand.fr,+33 (0)5 08 32 12 58
95035763200013,950357632,VINCI,"None None VAZZIO, 20090 AJACCIO",20090,AJACCIO,,FR 20 950357632,rocherpauline@le.net,0229346616
33535549100036,335355491,VINCI,"6 IMPASSE DE LEVIS, 75017 PARIS",75017,PARIS,,FR 42 335355491,mlagarde@mahe.com,+33 6 34 20 94 34
43037367000016,430373670,VINCI,"None LD LA NOUGUERASSE, 47220 ASTAFFORT",47220,ASTAFFORT,,FR 00 430373670,dupuistristan@mathieu.net,01 49 42 29 28
43835968900041,438359689,VINCI,"10 RUE DE LA PEPINIERE, 75008 PARIS",75008,PARIS,,FR 27 438359689,maurychristelle@bonnin.com,03 63 83 17 86
42462489800013,424624898,VINCI,"19 RUE SALNEUVE, 75017 PARIS",75017,PARIS,,FR 90 424624898,simonsylvie@lacombe.com,+33 4 37 77 91 18
70980209401114,709802094,EIFFAGE,"2 RUE DE LABORDE, 75008 PARIS",75008,PARIS,,FR 20 709802094,colletmichele@marques.com,+33 (0)4 74 18 94 00
70980209401106,709802094,EIFFAGE,"18 RUE JEAN COCTEAU, 97490 SAINT-DENIS",97490,SAINT-DENIS,,FR 20 709802094,etiennepenelope@collin.org,04 98 78 30 69
70980209401130,709802094,EIFFAGE,"163 QUAI DU DOCTEUR DERVAUX, 92600 ASNIERES-SUR-SEINE",92600,ASNIERES-SUR-SEINE,,FR 20 709802094,roger80@lamy.fr,+33 2 55 28 15 43
70980209401148,709802094,EIFFAGE,"3 PLACE DE L’EUROPE, 78140 VELIZY-VILLACOUBLAY",78140,VELIZY-VILLACOUBLAY,,FR 20 709802094,chauveauisabelle@didier.net,+33 7 43 08 48 95
10160606900017,101606069,EIFFAGE,"5 RUE ANSELME, 69004 LYON",69004,LYON,,FR 84 101606069,ybriand@buisson.org,0648170456
70980209400017,709802094,EIFFAGE,"3 AVENUE MORANE SAULNIER, 78140 VELIZY-VILLACOUBLAY",78140,VELIZY-VILLACOUBLAY,,FR 20 709802094,theresehardy@ollivier.fr,+33 (0)3 90 24 84 30
90827833600015,908278336,EIFFAGE,"11 VILLA SAINT-FARGEAU, 75020 PARIS",75020,PARIS,,FR 66 908278336,philippebarthelemy@pereira.com,0475390171
70980209401122,709802094,EIFFAGE,"143 AVENUE DE VERDUN, 92130 ISSY-LES-MOULINEAUX",92130,ISSY-LES-MOULINEAUX,,FR 20 709802094,valletsebastien@leger.org,03 81 84 72 51
33391638500011,333916385,EIFFAGE METAL,"6 BOULEVARD HENRI SELLIER, 92150 SURESNES",92150,SURESNES,,FR 00 333916385,sabineleblanc@mendes.com,0130296013
33391638500169,333916385,EIFFAGE METAL,"8 RUE GASPARD MONGE, 33600 PESSAC",33600,PESSAC,,FR 00 333916385,jmartineau@valentin.fr,04 66 26 48 92
99520019300010,995200193,VEOLIA,"36 RUE PERROT, 92240 MALAKOFF",92240,MALAKOFF,,FR 52 995200193,margot07@nguyen.com,0272179877
40321003200021,403210032,VEOLIA ENVIRONNEMENT,"59 AVENUE HOCHE, 75008 PARIS",75008,PARIS,,FR 47 403210032,roger66@navarro.com,0742441401
40321003200039,403210032,VEOLIA ENVIRONNEMENT,"42 AVENUE DE FRIEDLAND, 75008 PARIS",75008,PARIS,,FR 47 403210032,rossialice@moulin.com,0360095638
40321003200146,403210032,VEOLIA ENVIRONNEMENT,"7 RUE EUGENE ET ARMAND PEUGEOT, 92500 RUEIL-MALMAISON",92500,RUEIL-MALMAISON,,FR 47 403210032,lemaitrealice@delannoy.fr,0519612765
42134504200020,421345042,VEOLIA WATER,"52 RUE D'ANJOU, 75008 PARIS",75008,PARIS,,FR 08 421345042,bcourtois@da.com,02 96 00 35 33
52430987900038,524309879,NOVA VEOLIA,"30 RUE MADELEINE VIONNET, 93300 AUBERVILLIERS",93300,AUBERVILLIERS,,FR 56 524309879,alexchevallier@lombard.com,+33 (0)4 49 08 04 05
57222103400323,572221034,VEOLIA PROPRETE,"None RUE ROBERT MOINON, 95190 GOUSSAINVILLE",95190,GOUSSAINVILLE,,FR 85 572221034,iaubert@perrot.com,02 54 09 35 60
57222103400703,572221034,VEOLIA PROPRETE,"None RUE DES CAYENNES, 78700 CONFLANS-SAINTE-HONORINE",78700,CONFLANS-SAINTE-HONORINE,,FR 85 572221034,mathieuantoine@alexandre.com,+33 1 58 80 28 14
57222103400760,572221034,VEOLIA PROPRETE,"52 AVENUE GABRIEL PERI, 78360 MONTESSON",78360,MONTESSON,,FR 85 572221034,zoe98@gillet.org,0487224108
57222103401065,572221034,VEOLIA PROPRETE,"18 RUE LOUIS BLERIOT, 91320 WISSOUS",91320,WISSOUS,,FR 85 572221034,wblanc@roger.fr,0146483923
54206255903120,542062559,SUEZ,"10 AV PIERRE MENDES FRANCE, 63500 ISSOIRE",63500,ISSOIRE,,FR 52 542062559,zoevalentin@mercier.com,+33 (0)2 99 11 82 74
54206255903344,542062559,SUEZ,"None None LE VILLAGE, 65100 LUGAGNAN",65100,LUGAGNAN,,FR 52 542062559,julie21@guillaume.net,+33 3 51 13 55 57
54206255903393,542062559,SUEZ,"None None LA PIECE AUX BOEUFS, 61400 SAINT-HILAIRE-LE-CHATEL",61400,SAINT-HILAIRE-LE-CHATEL,,FR 52 542062559,dturpin@schneider.fr,0351256845
54206255903526,542062559,SUEZ,"None None None, 46230 LALBENQUE",46230,LALBENQUE,,FR 52 542062559,perrotdavid@briand.com,0385293082
54206255903559,542062559,SUEZ,"None PL DE LA MAIRIE, 63450 SAINT-SANDOUX",63450,SAINT-SANDOUX,,FR 52 542062559,thierry64@begue.com,05 47 16 20 17
54206255903682,542062559,SUEZ,"None CHE DU TYDOS, 65100 LOURDES",65100,LOURDES,,FR 52 542062559,zhebert@masson.com,08 03 10 64 20
54206255904219,542062559,SUEZ,"None None None, 51700 MAREUIL-LE-PORT",51700,MAREUIL-LE-PORT,,FR 52 542062559,mauriceadrienne@wagner.fr,0471732290
54206255904334,542062559,SUEZ,"None None None, 81100 BURLATS",81100,BURLATS,,FR 52 542062559,olivier40@godard.fr,01 72 82 26 42
54206255900282,542062559,SUEZ,"213 RUE DU CHRIST, 45200 AMILLY",45200,AMILLY,,FR 52 542062559,theodorevalentin@godard.com,+33 2 55 17 04 67
54206255900498,542062559,SUEZ,"None RUE MARCOING, 03310 NERIS-LES-BAINS",03310,NERIS-LES-BAINS,,FR 52 542062559,chauvinhelene@merle.com,+33 (0)2 43 29 60 38
35058064300012,350580643,ACCOR,"4 AVENUE GALLIENI, 93800 EPINAY-SUR-SEINE",93800,EPINAY-SUR-SEINE,,FR 41 350580643,anaisnicolas@laurent.net,+33 4 79 46 79 00
52963716700022,529637167,ACCOR,"2 RUE LEONARD DE VINCI, 91220 LE PLESSIS-PATE",91220,LE PLESSIS-PATE,,FR 06 529637167,valeriemarie@albert.fr,01 30 96 39 03
60203644401033,602036444,ACCOR,"None None CTR COMMERC REGION VELIZY DEUX, 78140 VELIZY-VILLACOUBLAY",78140,VELIZY-VILLACOUBLAY,,FR 93 602036444,xdiallo@weiss.com,04 20 23 09 67
60203644402502,602036444,ACCOR,"None None AUTOROUTE A36, 25640 MARCHAUX-CHAUDEFONTAINE",25640,MARCHAUX-CHAUDEFONTAINE,,FR 93 602036444,mgallet@gilles.fr,+33 1 53 59 94 23
60203644402866,602036444,ACCOR,"None None AUTOROUTE A10, 45520 GIDY",45520,GIDY,,FR 93 602036444,fetienne@cohen.fr,02 76 28 23 79
60203644403096,602036444,ACCOR,"None None AUTOROUTE A6, 71260 SAINT-ALBAIN",71260,SAINT-ALBAIN,,FR 93 602036444,zbonneau@imbert.fr,+33 (0)3 64 40 73 79
60203644403187,602036444,ACCOR,"18 RUE EDGAR QUINET, 30100 ALES",30100,ALES,,FR 93 602036444,adelecoste@blanchard.com,+33 (0)1 40 51 53 52
60203644403559,602036444,ACCOR,"None RUE DE L'ILE NAPOLEON, 68390 SAUSHEIM",68390,SAUSHEIM,,FR 93 602036444,mbonneau@hardy.com,0559409750
60203644403849,602036444,ACCOR,"3 AVENUE DU PARC, 95000 CERGY",95000,CERGY,,FR 93 602036444,rtorres@gay.com,+33 4 44 43 11 01
60203644403971,602036444,ACCOR,"4 RUE PIROUX, 54000 NANCY",54000,NANCY,,FR 93 602036444,grondingenevieve@evrard.com,+33 (0)3 68 41 13 52
